{"z_ave": 18.321497249603272, "z_latest": 16.81695556640625, "z_linear_z": 19.829570293426514, "z_linear_a": -1.571408129379734, "z_linear_b": 2624353434.734658}