{"z_ave": 5.553778648376463, "z_latest": 5.429670333862303, "vel_z_ave": -0.17622950488803774, "vel_z_md": -0.003027431080635434, "vel_z_sd": 0.4419868743722666}