{"z_ave": 2.0048520088195807, "z_latest": 1.9196376800537118, "vel_z_ave": -0.3177039769075177, "vel_z_md": -0.32231736499957475, "vel_z_sd": 0.14006663889573825}