,truth_stride_mean[m],estm_stride_mean[m],RMSE[m],err_std[m]
0_1_normal,0.7168112807153846,0.860320858923077,0.3997439404937281,0.6408936624571531
2_avoid,0.6870675620666667,1.1825790106499998,1.1656106320161568,1.0507591748858558
3_humpback,0.6212057922666667,0.7643536051111111,0.13414664296500897,0.35757833403775807
4_paralysis,0.42195314035714293,0.5807415842285716,0.0653604689824694,0.21642046018784714
all,0.6281564609885715,0.8349719647285715,0.39586223108793644,0.6028885188023309
