,truth_stride_mean[m],estm_stride_mean[m],RMSE[m],err_std[m]
0_1_normal,0.7375228937625,0.69333854565,0.07300550391829462,0.2849626487808394
2_avoid,0.713141025625,1.4658821631999999,1.7453098628864059,1.2536297394306402
3_humpback,0.6450501253200001,0.69048069496,0.033709220572140174,0.19888842322494946
4_paralysis,0.39551467050000005,0.57698977985,0.0941309264280976,0.285651795290474
all,0.645716979104762,0.8176476005809524,0.38620729959357486,0.6119473172112164
