,truth_velocity_mean[m/s],estm_velocity_mean[m/s],RMSE[m/s],err_std[m/s]
0_1_normal,0.4125443176125,0.41780018402499997,0.0008975206589321502,0.03153042117767003
2_avoid,0.38655056242499997,0.366368006425,0.0006198671091096116,0.016833757450095167
3_humpback,0.37584031615999997,0.38583781836,0.0009367998882720098,0.032342886351425966
4_paralysis,0.23429869522500002,0.236719367925,0.00017221142191507994,0.014893030387603218
all,0.36490253106190473,0.3659019076857143,0.0007158323255674293,0.027396628451832775
