{"z_ave": 20.379242897033684, "z_latest": 18.773818969726555, "z_linear_z": 19.976187229156494, "z_linear_a": -1.0969492423725598, "z_linear_b": 1831975495.2261064}