{"z_ave": 19.62468194961547, "z_latest": 30.85119056701659, "z_linear_a": -0.9046313054986053, "z_linear_b": 1510789715.3822558}