{"z_ave": 19.62468194961547, "z_latest": 30.85119056701659, "z_linear_a": -0.9045499048968221, "z_linear_b": 1510653566.202684}