{"z_ave": 0.7149222910404206, "z_latest": 0.7298501729965211, "vel_z_ave": -0.020477703297215443, "vel_z_md": 0.0029860901897285756, "vel_z_sd": 0.1665875752461814}