{"z_ave": 0.9715477526187893, "z_latest": 0.9786654710769649, "vel_z_ave": -0.014364705340828947, "vel_z_md": 0.0, "vel_z_sd": 0.26710258501825135}