{"z_ave": 20.27190494537353, "z_latest": 17.107093811035153, "z_linear_z": 19.747058391571045, "z_linear_a": -2.0043148104417567, "z_linear_b": 3347335851.1698494}