{"z_ave": 11.38851318359375, "z_latest": 11.4017333984375, "vel_z_ave": -0.01690037298623158, "vel_z_md": 0.0, "vel_z_sd": 0.29821264448367163}