{"z_ave": 2.0721409082412716, "z_latest": 1.6230509281158443, "vel_z_ave": -0.687047068563817, "vel_z_md": -0.8585869960052568, "vel_z_sd": 0.5689955238647074}