{"z_ave": 0.7793558657169342, "z_latest": 0.733411133289337, "vel_z_ave": -0.0016204535081170124, "vel_z_md": -0.004819091093048864, "vel_z_sd": 0.1957350327091392}