{"vel_z_ave": -66.46427575441516, "vel_z_md": -87.8268895355344, "vel_z_sd": 55.2474545258}