{"z_ave": 20.379242897033684, "z_latest": 18.773818969726555, "z_linear_a": -1.096596960781957, "z_linear_b": 1831386890.739315}