,below170,over170
perfect,0.18181818181818182,0.125
only_partial,0.2727272727272727,0.3181818181818182
only_total,0.10606060606060606,0.06818181818181818
others,0.36363636363636365,0.4318181818181818
