,0,1,2,3,4,5,6,7,8,9,10,11,left,center,stop,all
perfect,0.23076923076923078,0.23076923076923078,0.0,0.07142857142857142,0.0,0.0,0.6153846153846154,0.15384615384615385,0.38461538461538464,0.0,0.07692307692307693,,0.30303030303030304,0.0392156862745098,0.037037037037037035,0.1597222222222222
only_partial,0.6153846153846154,0.6153846153846154,0.5,0.35714285714285715,0.18181818181818182,0.0,0.07692307692307693,0.23076923076923078,0.38461538461538464,0.38461538461538464,0.15384615384615385,,0.4090909090909091,0.3333333333333333,0.07407407407407407,0.3194444444444444
only_total,0.0,0.0,0.0,0.07142857142857142,0.0,0.2857142857142857,0.23076923076923078,0.07692307692307693,0.0,0.0,0.3076923076923077,,0.06060606060606061,0.0196078431372549,0.2962962962962963,0.09027777777777778
others,0.15384615384615385,0.15384615384615385,0.5,0.5,0.8181818181818182,0.7142857142857143,0.07692307692307693,0.5384615384615384,0.23076923076923078,0.6153846153846154,0.46153846153846156,,0.22727272727272727,0.6078431372549019,0.5925925925925926,0.4305555555555556
