,0,1,2,3,4,5,6,7,8,9,10,11,left,center,stop,all
perfect,0.6923076923076923,0.6923076923076923,0.35714285714285715,0.21428571428571427,0.2727272727272727,0.5,0.9230769230769231,0.3076923076923077,0.46153846153846156,0.23076923076923078,0.6153846153846154,,0.5909090909090909,0.29411764705882354,0.5555555555555556,0.4791666666666667
only_partial,0.23076923076923078,0.3076923076923077,0.42857142857142855,0.35714285714285715,0.18181818181818182,0.14285714285714285,0.07692307692307693,0.46153846153846156,0.46153846153846156,0.46153846153846156,0.23076923076923078,,0.2878787878787879,0.39215686274509803,0.18518518518518517,0.3055555555555556
only_total,0.0,0.0,0.0,0.2857142857142857,0.2727272727272727,0.07142857142857142,0.0,0.0,0.0,0.0,0.0,,0.06060606060606061,0.058823529411764705,0.037037037037037035,0.05555555555555555
others,0.07692307692307693,0.0,0.21428571428571427,0.14285714285714285,0.2727272727272727,0.2857142857142857,0.0,0.23076923076923078,0.07692307692307693,0.3076923076923077,0.15384615384615385,,0.06060606060606061,0.2549019607843137,0.2222222222222222,0.1597222222222222
