{"z_ave": 20.379242897033684, "z_latest": 18.773818969726555, "z_linear_z": 19.980355978012085, "z_linear_a": -1.0952335965554019, "z_linear_b": 1829110980.4909198}