{"z_ave": 20.379242897033684, "z_latest": 18.773818969726555, "z_linear_z": 19.976628303527832, "z_linear_a": -1.0965452653137422, "z_linear_b": 1831301415.6027343}